Departure,Destination,Date,Departure time,Arrival time,Stops,Flightnumber,Airports,Duration,Price
brussel,heraklion,01/04/2023,05:55,10:20,0,['SN 3255'],['Brussels Airlines'],205,392.14
brussel,heraklion,01/04/2023,06:55,12:35,1,"['LH 5629', 'LH 1758']","['Brussels Airlines', 'Lufthansa']",280,713.58
brussel,heraklion,01/04/2023,06:20,14:15,1,"['LX 4551', 'LX 2350']","['Brussels Airlines', 'Swiss International Air Lines']",415,462.47
brussel,heraklion,01/04/2023,07:00,16:05,1,"['LH 5587', 'LH 1296']","['Brussels Airlines', 'Lufthansa']",485,720.67
brussel,heraklion,01/04/2023,19:15,08:50,1,"['LH 5589', 'LH 4420']","['Brussels Airlines', 'EW Discover']",755,726.88
brussel,heraklion,01/04/2023,19:15,10:00,1,"['OS 8176', 'OS 9003']","['Brussels Airlines', 'Austrian Airlines']",825,718.38
brussel,heraklion,01/04/2023,19:15,08:50,1,"['LH 5589', '4Y 1204']","['Brussels Airlines', 'EW Discover']",755,726.88
brussel,heraklion,01/04/2023,06:55,16:05,2,"['LH 5629', 'LH 99', 'LH 1296']","['Brussels Airlines', 'Lufthansa']",490,782.11
brussel,rhodes,01/04/2023,06:55,16:30,1,"['LH 5629', 'LH 1748']","['Brussels Airlines', 'EW Discover']",515,684.58
brussel,rhodes,01/04/2023,07:00,17:10,1,"['LH 5587', 'LH 1258']","['Brussels Airlines', 'Lufthansa']",550,561.67
brussel,rhodes,01/04/2023,19:15,08:05,1,"['OS 8176', 'OS 9173']","['Brussels Airlines', 'Austrian Airlines']",710,271.38
brussel,rhodes,01/04/2023,19:15,09:00,1,"['LH 5589', 'LH 4416']","['Brussels Airlines', 'EW Discover']",765,502.88
brussel,rhodes,01/04/2023,19:15,09:00,1,"['LH 5589', '4Y 1200']","['Brussels Airlines', 'EW Discover']",765,502.88
brussel,brindisi,01/04/2023,06:20,13:55,2,"['LX 4551', 'LX 2807', 'LX 1722']","['Brussels Airlines', 'Swiss International Air Lines']",455,809.55
brussel,napels,01/04/2023,09:35,11:55,0,['SN 3169'],['Brussels Airlines'],140,480.14
brussel,napels,01/04/2023,19:00,22:35,1,"['LH 5631', 'LH 1880']","['Brussels Airlines', 'Lufthansa']",215,346.58
brussel,napels,01/04/2023,19:00,22:35,1,"['SN 2647', 'SN 7181']","['Brussels Airlines', 'Lufthansa']",215,411.58
brussel,napels,01/04/2023,07:00,12:05,1,"['LH 5587', 'LH 334']","['Brussels Airlines', 'Lufthansa']",305,678.67
brussel,napels,01/04/2023,07:00,12:05,1,"['SN 2607', 'SN 7183']","['Brussels Airlines', 'Lufthansa']",305,678.67
brussel,napels,01/04/2023,06:55,12:25,1,"['SN 2641', 'SN 7177']","['Brussels Airlines', 'Lufthansa']",330,411.58
brussel,napels,01/04/2023,06:55,12:25,1,"['LH 5629', 'LH 1876']","['Brussels Airlines', 'Lufthansa']",330,346.58
brussel,palermo,01/04/2023,06:55,11:05,1,"['LH 5629', 'LH 1914']","['Brussels Airlines', 'EW Discover']",250,315.58
brussel,palermo,01/04/2023,06:55,16:35,1,"['LH 5629', 'LH 1916']","['Brussels Airlines', 'Lufthansa']",580,267.58
brussel,palermo,01/04/2023,07:00,16:35,2,"['LH 5587', 'LH 100', 'LH 1916']","['Brussels Airlines', 'Lufthansa']",575,486.11
brussel,faro,01/04/2023,09:20,11:20,0,['SN 3801'],['Brussels Airlines'],180,736.14
brussel,faro,01/04/2023,06:55,13:00,1,"['LH 5629', 'LH 1786']","['Brussels Airlines', 'Lufthansa']",425,667.58
brussel,faro,01/04/2023,07:00,15:35,1,"['LH 5587', 'LH 1162']","['Brussels Airlines', 'Lufthansa']",575,804.67
brussel,faro,01/04/2023,07:00,13:00,2,"['LH 5587', 'LH 98', 'LH 1786']","['Brussels Airlines', 'Lufthansa']",420,866.11
brussel,alicante,01/04/2023,05:55,08:25,0,['SN 3771'],['Brussels Airlines'],150,402.14
brussel,alicante,01/04/2023,17:20,19:50,0,['SN 3773'],['Brussels Airlines'],150,402.14
brussel,alicante,01/04/2023,07:00,17:20,1,"['LH 5587', 'LH 1174']","['Brussels Airlines', 'Lufthansa']",620,730.67
brussel,alicante,01/04/2023,06:20,14:40,2,"['LX 4551', 'LX 2807', 'LX 2174']","['Brussels Airlines', 'Swiss International Air Lines', 'Air Baltic']",500,793.55
brussel,ibiza,01/04/2023,07:00,11:55,1,"['LH 5587', 'LH 4308']","['Brussels Airlines', 'EW Discover']",295,540.67
brussel,ibiza,01/04/2023,06:55,15:15,1,"['LH 5629', 'LH 1846']","['Brussels Airlines', 'Lufthansa']",500,533.58
brussel,ibiza,01/04/2023,07:00,11:55,1,"['LH 5587', '4Y 530']","['Brussels Airlines', 'EW Discover']",295,540.67
brussel,ibiza,01/04/2023,07:00,15:15,2,"['LH 5587', 'LH 98', 'LH 1846']","['Brussels Airlines', 'Lufthansa']",495,950.11
brussel,ibiza,01/04/2023,07:00,15:15,2,"['LH 5587', 'LH 100', 'LH 1846']","['Brussels Airlines', 'Lufthansa']",495,750.11
brussel,malaga,01/04/2023,06:00,08:50,0,['SN 3733'],['Brussels Airlines'],170,444.14
brussel,malaga,01/04/2023,16:25,19:20,0,['SN 3737'],['Brussels Airlines'],175,574.14
brussel,malaga,01/04/2023,07:00,17:00,1,"['LH 5587', 'LH 1150']","['Brussels Airlines', 'Lufthansa']",600,837.67
brussel,malaga,01/04/2023,06:20,15:10,2,"['LX 4551', 'LX 2807', 'LX 2114']","['Brussels Airlines', 'Swiss International Air Lines']",530,900.55
brussel,palma-de-mallorca,01/04/2023,14:15,16:30,0,['SN 3765'],['Brussels Airlines'],135,441.14
brussel,palma-de-mallorca,01/04/2023,15:00,17:10,0,['SN 3767'],['Brussels Airlines'],130,441.14
brussel,palma-de-mallorca,01/04/2023,07:00,11:10,1,"['LH 5587', 'LH 1530']","['Brussels Airlines', 'Lufthansa']",250,769.67
brussel,palma-de-mallorca,01/04/2023,07:00,12:25,1,"['LH 5587', 'LH 4302']","['Brussels Airlines', 'EW Discover']",325,639.67
brussel,palma-de-mallorca,01/04/2023,06:55,13:00,1,"['LH 5629', 'LH 1796']","['Brussels Airlines', 'Lufthansa']",365,632.58
brussel,palma-de-mallorca,01/04/2023,06:55,13:35,1,"['LH 5629', 'LH 5334']","['Brussels Airlines', 'EUROWINGS EUROPE LTD FOR EUROWINGS']",400,532.58
brussel,tenerife,01/04/2023,13:20,17:00,0,['SN 3781'],['Brussels Airlines'],280,665.14
brussel,tenerife,01/04/2023,06:55,15:45,1,"['LH 5629', 'LH 1838']","['Brussels Airlines', 'Lufthansa']",590,726.58
brussel,tenerife,01/04/2023,06:20,16:40,2,"['LX 4551', 'LX 2807', 'LX 8216']","['Brussels Airlines', 'Swiss International Air Lines', 'Edelweiss Air']",680,826.55
brussel,corfu,01/04/2023,None,None,None,None,None,None,None
brussel,heraklion,02/04/2023,19:00,01:00,1,"['LH 5631', 'LH 5922']","['Brussels Airlines', 'Aegean Airlines']",300,787.58
brussel,heraklion,02/04/2023,07:00,16:05,1,"['LH 5587', 'LH 1296']","['Brussels Airlines', 'Lufthansa']",485,969.67
brussel,rhodes,02/04/2023,None,None,None,None,None,None,None
brussel,brindisi,02/04/2023,06:20,13:55,2,"['LX 4551', 'LX 2807', 'LX 1722']","['Brussels Airlines', 'Swiss International Air Lines', 'Helvetic Airways']",455,419.55
brussel,brindisi,02/04/2023,06:20,19:35,2,"['LX 4551', 'LX 1720']","['Brussels Airlines', 'SWISS RAILWAYS', 'Helvetic Airways']",795,413.32
brussel,napels,02/04/2023,09:35,11:55,0,['SN 3169'],['Brussels Airlines'],140,350.14
brussel,napels,02/04/2023,19:00,22:35,1,"['LH 5631', 'LH 1880']","['Brussels Airlines', 'Lufthansa']",215,275.58
brussel,napels,02/04/2023,19:00,22:35,1,"['SN 2647', 'SN 7181']","['Brussels Airlines', 'Lufthansa']",215,346.58
brussel,napels,02/04/2023,07:00,12:05,1,"['SN 2607', 'SN 7183']","['Brussels Airlines', 'Lufthansa']",305,678.67
brussel,napels,02/04/2023,07:00,12:05,1,"['LH 5587', 'LH 334']","['Brussels Airlines', 'Lufthansa']",305,678.67
brussel,napels,02/04/2023,06:55,12:25,1,"['LH 5629', 'LH 1876']","['Brussels Airlines', 'Lufthansa']",330,346.58
brussel,napels,02/04/2023,06:55,12:25,1,"['SN 2641', 'SN 7177']","['Brussels Airlines', 'Lufthansa']",330,346.58
brussel,palermo,02/04/2023,06:55,11:05,1,"['LH 5629', 'LH 1914']","['Brussels Airlines', 'EW Discover']",250,315.58
brussel,palermo,02/04/2023,06:20,13:55,2,"['LX 4551', 'LX 2807', 'LX 1742']","['Brussels Airlines', 'Swiss International Air Lines']",455,487.55
brussel,palermo,02/04/2023,06:55,16:55,2,"['LH 5629', 'LH 99', 'LH 338']","['Brussels Airlines', 'Lufthansa']",600,432.11
brussel,faro,02/04/2023,08:40,10:40,0,['SN 3801'],['Brussels Airlines'],180,522.14
brussel,faro,02/04/2023,06:55,13:00,1,"['LH 5629', 'LH 1786']","['Brussels Airlines', 'Lufthansa']",425,976.58
brussel,faro,02/04/2023,09:15,13:05,1,"['SN 3815', 'TP 1905']","['Brussels Airlines', 'Tap Air Portugal']",290,671.25
brussel,faro,02/04/2023,17:05,23:50,1,"['SN 3819', 'TP 1909']","['Brussels Airlines', 'Tap Air Portugal']",465,671.25
brussel,faro,02/04/2023,07:00,13:00,2,"['LH 5587', 'LH 98', 'LH 1786']","['Brussels Airlines', 'Lufthansa']",420,1048.11
brussel,faro,02/04/2023,07:00,13:05,2,"['SN 2607', 'LH 1166', 'TP 1905']","['Brussels Airlines', 'Lufthansa', 'Tap Air Portugal']",425,1053.78
brussel,alicante,02/04/2023,05:55,08:25,0,['SN 3771'],['Brussels Airlines'],150,337.14
brussel,ibiza,02/04/2023,07:00,12:05,1,"['LH 5587', 'LH 4308']","['Brussels Airlines', 'EW Discover']",305,540.67
brussel,ibiza,02/04/2023,06:55,16:25,1,"['LH 5629', 'LH 1846']","['Brussels Airlines', 'Lufthansa']",570,533.58
brussel,ibiza,02/04/2023,07:00,12:05,1,"['LH 5587', '4Y 530']","['Brussels Airlines', 'EW Discover']",305,540.67
brussel,ibiza,02/04/2023,07:00,16:25,2,"['LH 5587', 'LH 104', 'LH 1846']","['Brussels Airlines', 'Lufthansa']",565,950.11
brussel,ibiza,02/04/2023,07:00,16:25,2,"['LH 5587', 'LH 98', 'LH 1846']","['Brussels Airlines', 'Lufthansa']",565,950.11
brussel,malaga,02/04/2023,06:00,08:50,0,['SN 3733'],['Brussels Airlines'],170,444.14
brussel,malaga,02/04/2023,09:35,12:25,0,['SN 3735'],['Brussels Airlines'],170,444.14
brussel,malaga,02/04/2023,16:25,19:20,0,['SN 3737'],['Brussels Airlines'],175,444.14
brussel,malaga,02/04/2023,07:00,12:10,1,"['LH 5587', 'LH 1148']","['Brussels Airlines', 'Lufthansa']",310,837.67
brussel,malaga,02/04/2023,06:55,13:40,1,"['LH 5629', 'LH 1832']","['Brussels Airlines', 'Lufthansa']",405,635.58
brussel,malaga,02/04/2023,06:20,13:50,1,"['LX 4551', 'LX 2104']","['Brussels Airlines', 'Swiss International Air Lines']",450,839.47
brussel,malaga,02/04/2023,06:55,17:50,1,"['LH 5629', 'LH 1834']","['Brussels Airlines', 'Lufthansa']",655,635.58
brussel,palma-de-mallorca,02/04/2023,07:00,11:10,1,"['LH 5587', 'LH 1530']","['Brussels Airlines', 'Lufthansa']",250,639.67
brussel,palma-de-mallorca,02/04/2023,06:55,12:00,1,"['LH 5629', 'LH 5330']","['Brussels Airlines', 'AVION EXPRESS MALTA FOR EUROWINGS']",305,402.58
brussel,palma-de-mallorca,02/04/2023,07:00,12:25,1,"['LH 5587', 'LH 4302']","['Brussels Airlines', 'EW Discover']",325,639.67
brussel,palma-de-mallorca,02/04/2023,06:55,13:25,1,"['LH 5629', 'LH 5338']","['Brussels Airlines', 'Eurowings']",390,402.58
brussel,palma-de-mallorca,02/04/2023,13:45,20:15,1,"['LH 5627', 'LH 5334']","['Brussels Airlines', 'Eurowings']",390,402.58
brussel,palma-de-mallorca,02/04/2023,06:20,15:45,1,"['LX 4551', 'LX 2168']","['Brussels Airlines', 'Swiss International Air Lines']",565,316.47
brussel,tenerife,02/04/2023,13:20,17:00,0,['SN 3781'],['Brussels Airlines'],280,619.14
brussel,tenerife,02/04/2023,15:00,09:55,2,"['LX 4557', 'LX 2819', 'LX 8214']","['Brussels Airlines', 'Edelweiss Air']",1195,756.55
brussel,corfu,02/04/2023,None,None,None,None,None,None,None
brussel,heraklion,03/04/2023,None,None,None,None,None,None,None
brussel,rhodes,03/04/2023,None,None,None,None,None,None,None
brussel,brindisi,03/04/2023,06:55,13:55,1,"['LX 4545', 'LX 1722']","['Brussels Airlines', 'Swiss International Air Lines']",420,609.22
brussel,brindisi,03/04/2023,06:20,13:55,2,"['LX 4551', 'LX 2807', 'LX 1722']","['Brussels Airlines', 'Swiss International Air Lines']",455,419.55
brussel,brindisi,03/04/2023,19:20,13:55,2,"['LX 4563', 'LX 2805', 'LX 1722']","['Brussels Airlines', 'Swiss International Air Lines', 'Air Baltic']",1115,425.58
brussel,brindisi,03/04/2023,19:20,13:55,2,"['LX 4563', 'LX 1722']","['Brussels Airlines', 'SWISS RAILWAYS', 'Air Baltic']",1115,413.32
brussel,napels,03/04/2023,09:35,11:55,0,['SN 3169'],['Brussels Airlines'],140,480.14
brussel,napels,03/04/2023,19:00,22:35,1,"['LH 5631', 'LH 1880']","['Brussels Airlines', 'Lufthansa']",215,184.58
brussel,napels,03/04/2023,19:00,22:35,1,"['SN 2647', 'SN 7181']","['Brussels Airlines', 'Lufthansa']",215,275.58
brussel,napels,03/04/2023,07:00,12:00,1,"['LH 5587', 'LH 334']","['Brussels Airlines', 'Lufthansa']",300,353.67
brussel,napels,03/04/2023,07:00,12:00,1,"['SN 2607', 'SN 7183']","['Brussels Airlines', 'Lufthansa']",300,418.67
brussel,napels,03/04/2023,06:55,12:25,1,"['LH 5629', 'LH 1876']","['Brussels Airlines', 'Lufthansa']",330,275.58
brussel,napels,03/04/2023,06:55,12:25,1,"['SN 2641', 'SN 7177']","['Brussels Airlines', 'Lufthansa']",330,346.58
brussel,palermo,03/04/2023,06:55,11:05,1,"['LH 5629', 'LH 1914']","['Brussels Airlines', 'EW Discover']",250,186.58
brussel,palermo,03/04/2023,06:55,13:55,1,"['LX 4545', 'LX 1742']","['Brussels Airlines', 'Swiss International Air Lines']",420,477.22
brussel,palermo,03/04/2023,06:20,13:55,2,"['LX 4551', 'LX 2807', 'LX 1742']","['Brussels Airlines', 'Swiss International Air Lines']",455,385.55
brussel,palermo,03/04/2023,19:15,11:05,2,"['LH 5589', 'LH 94', 'LH 1914']","['Brussels Airlines', 'Lufthansa', 'EW Discover']",950,282.32
brussel,faro,03/04/2023,09:20,11:20,0,['SN 3801'],['Brussels Airlines'],180,476.14
brussel,faro,03/04/2023,09:35,15:00,1,"['LH 5625', 'LH 1786']","['Brussels Airlines', 'Lufthansa']",385,472.58
brussel,faro,03/04/2023,17:05,23:50,1,"['SN 3819', 'TP 1909']","['Brussels Airlines', 'Tap Air Portugal']",465,655.25
brussel,alicante,03/04/2023,05:55,08:25,0,['SN 3771'],['Brussels Airlines'],150,337.14
brussel,alicante,03/04/2023,06:55,19:00,1,"['LX 4545', 'LX 2174']","['Brussels Airlines', 'Air Baltic']",725,593.22
brussel,alicante,03/04/2023,06:20,19:00,2,"['LX 4551', 'LX 2807', 'LX 2174']","['Brussels Airlines', 'Swiss International Air Lines', 'Air Baltic']",760,468.55
brussel,alicante,03/04/2023,06:20,19:00,2,"['LX 4551', 'LX 2809', 'LX 2174']","['Brussels Airlines', 'Swiss International Air Lines', 'Air Baltic']",760,468.55
brussel,ibiza,03/04/2023,06:55,11:20,1,"['LH 5629', 'LH 1846']","['Brussels Airlines', 'EW Discover']",265,422.58
brussel,ibiza,03/04/2023,07:00,11:55,1,"['LH 5587', 'LH 4308']","['Brussels Airlines', 'EW Discover']",295,429.67
brussel,ibiza,03/04/2023,07:00,11:55,1,"['LH 5587', '4Y 530']","['Brussels Airlines', 'EW Discover']",295,429.67
brussel,malaga,03/04/2023,11:55,14:45,0,['SN 3735'],['Brussels Airlines'],170,444.14
brussel,malaga,03/04/2023,16:25,19:20,0,['SN 3737'],['Brussels Airlines'],175,314.14
brussel,malaga,03/04/2023,07:00,12:10,1,"['LH 5587', 'LH 1148']","['Brussels Airlines', 'Lufthansa']",310,642.67
brussel,malaga,03/04/2023,06:55,12:50,1,"['LX 4545', 'LX 2110']","['Brussels Airlines', 'Swiss International Air Lines']",355,635.22
brussel,malaga,03/04/2023,06:50,12:55,1,"['OS 8172', 'OS 385']","['Brussels Airlines', 'Austrian Airlines']",365,640.38
brussel,malaga,03/04/2023,06:55,15:10,1,"['LX 4545', 'LX 2114']","['Brussels Airlines', 'Swiss International Air Lines']",495,830.22
brussel,malaga,03/04/2023,09:35,17:50,1,"['LH 5625', 'LH 1834']","['Brussels Airlines', 'EW Discover']",495,635.58
brussel,palma-de-mallorca,03/04/2023,09:35,14:10,1,"['LH 5625', 'LH 1794']","['Brussels Airlines', 'Lufthansa']",275,502.58
brussel,palma-de-mallorca,03/04/2023,06:55,11:55,1,"['LX 4545', 'LX 2158']","['Brussels Airlines', 'Helvetic Airways']",300,502.22
brussel,palma-de-mallorca,03/04/2023,07:00,12:25,1,"['LH 5587', 'LH 4302']","['Brussels Airlines', 'EW Discover']",325,509.67
brussel,palma-de-mallorca,03/04/2023,13:45,19:55,1,"['LH 5627', 'LH 5328']","['Brussels Airlines', 'Eurowings']",370,292.58
brussel,palma-de-mallorca,03/04/2023,06:50,13:05,1,"['OS 8172', 'OS 433']","['Brussels Airlines', 'Austrian Airlines']",375,312.38
brussel,palma-de-mallorca,03/04/2023,13:45,20:10,1,"['LH 5627', 'LH 5330']","['Brussels Airlines', 'Eurowings']",385,292.58
brussel,tenerife,03/04/2023,15:00,09:50,2,"['LX 4557', 'LX 2819', 'LX 8214']","['Brussels Airlines', 'Swiss International Air Lines', 'Edelweiss Air']",1190,527.55
brussel,corfu,03/04/2023,None,None,None,None,None,None,None
brussel,heraklion,04/04/2023,09:35,17:45,1,"['LH 5625', 'LH 1758']","['Brussels Airlines', 'Lufthansa']",430,518.58
brussel,rhodes,04/04/2023,None,None,None,None,None,None,None
brussel,brindisi,04/04/2023,06:55,13:55,1,"['LX 4545', 'LX 1722']","['Brussels Airlines', 'Air Baltic']",420,349.22
brussel,brindisi,04/04/2023,06:20,13:55,2,"['LX 4551', 'LX 2807', 'LX 1722']","['Brussels Airlines', 'Swiss International Air Lines', 'Air Baltic']",455,419.55
brussel,brindisi,04/04/2023,19:20,13:55,2,"['LX 4563', 'LX 2805', 'LX 1722']","['Brussels Airlines', 'Swiss International Air Lines', 'Air Baltic']",1115,685.58
brussel,brindisi,04/04/2023,19:20,13:55,2,"['LX 4563', 'LX 1722']","['Brussels Airlines', 'SWISS RAILWAYS', 'Air Baltic']",1115,673.32
brussel,napels,04/04/2023,07:35,09:55,0,['SN 3169'],['Brussels Airlines'],140,142.14
brussel,napels,04/04/2023,19:00,22:35,1,"['SN 2647', 'SN 7181']","['Brussels Airlines', 'Lufthansa']",215,346.58
brussel,napels,04/04/2023,19:00,22:35,1,"['LH 5631', 'LH 1880']","['Brussels Airlines', 'Lufthansa']",215,184.58
brussel,napels,04/04/2023,07:00,12:00,1,"['LH 5587', 'LH 334']","['Brussels Airlines', 'Lufthansa']",300,353.67
brussel,napels,04/04/2023,07:00,12:00,1,"['SN 2607', 'SN 7183']","['Brussels Airlines', 'Lufthansa']",300,353.67
brussel,napels,04/04/2023,06:55,12:25,1,"['SN 2641', 'SN 7177']","['Brussels Airlines', 'Lufthansa']",330,346.58
brussel,napels,04/04/2023,06:55,12:25,1,"['LH 5629', 'LH 1876']","['Brussels Airlines', 'Lufthansa']",330,275.58
brussel,palermo,04/04/2023,06:55,11:05,1,"['LH 5629', 'LH 1914']","['Brussels Airlines', 'EW Discover']",250,267.58
brussel,palermo,04/04/2023,06:55,13:55,1,"['LX 4545', 'LX 1742']","['Brussels Airlines', 'Swiss International Air Lines']",420,267.22
brussel,palermo,04/04/2023,06:20,13:55,2,"['LX 4551', 'LX 2807', 'LX 1742']","['Brussels Airlines', 'Swiss International Air Lines']",455,385.55
brussel,palermo,04/04/2023,19:15,11:05,2,"['LH 5589', 'LH 94', 'LH 1914']","['Brussels Airlines', 'Lufthansa', 'EW Discover']",950,242.32
brussel,faro,04/04/2023,09:20,11:20,0,['SN 3801'],['Brussels Airlines'],180,411.14
brussel,faro,04/04/2023,09:35,15:00,1,"['LH 5625', 'LH 1786']","['Brussels Airlines', 'Lufthansa']",385,472.58
brussel,faro,04/04/2023,06:55,18:25,1,"['LX 4545', 'LX 8298']","['Brussels Airlines', 'Edelweiss Air']",750,502.22
brussel,faro,04/04/2023,17:05,23:50,1,"['SN 3819', 'TP 1909']","['Brussels Airlines', 'Tap Air Portugal']",465,541.25
brussel,faro,04/04/2023,09:15,17:20,1,"['SN 3815', 'TP 1903']","['Brussels Airlines', 'Tap Air Portugal']",545,655.25
brussel,alicante,04/04/2023,05:55,08:25,0,['SN 3771'],['Brussels Airlines'],150,282.14
brussel,ibiza,04/04/2023,None,None,None,None,None,None,None
brussel,malaga,04/04/2023,11:55,14:45,0,['SN 3735'],['Brussels Airlines'],170,314.14
brussel,malaga,04/04/2023,16:25,19:20,0,['SN 3737'],['Brussels Airlines'],175,314.14
brussel,malaga,04/04/2023,07:00,12:10,1,"['LH 5587', 'LH 1148']","['Brussels Airlines', 'Lufthansa']",310,642.67
brussel,malaga,04/04/2023,06:55,12:50,1,"['LX 4545', 'LX 2110']","['Brussels Airlines', 'Swiss International Air Lines']",355,505.22
brussel,malaga,04/04/2023,06:55,13:35,1,"['LH 5629', 'LH 1832']","['Brussels Airlines', 'Lufthansa']",400,505.58
brussel,malaga,04/04/2023,06:55,15:10,1,"['LX 4545', 'LX 2114']","['Brussels Airlines', 'Swiss International Air Lines']",495,375.22
brussel,malaga,04/04/2023,06:20,15:10,2,"['LX 4551', 'LX 2807', 'LX 2114']","['Brussels Airlines', 'Swiss International Air Lines']",530,575.55
brussel,palma-de-mallorca,04/04/2023,07:00,12:25,1,"['LH 5587', 'LH 4302']","['Brussels Airlines', 'EW Discover']",325,639.67
brussel,palma-de-mallorca,04/04/2023,06:50,13:05,1,"['OS 8172', 'OS 433']","['Brussels Airlines', 'Austrian Airlines']",375,312.38
brussel,palma-de-mallorca,04/04/2023,13:45,20:15,1,"['LH 5627', 'LH 5334']","['Brussels Airlines', 'EUROWINGS EUROPE LTD FOR EUROWINGS']",390,337.58
brussel,palma-de-mallorca,04/04/2023,06:55,14:05,1,"['LH 5629', 'LH 5332']","['Brussels Airlines', 'EUROWINGS EUROPE LTD FOR EUROWINGS']",430,337.58
brussel,palma-de-mallorca,04/04/2023,06:55,14:05,1,"['LX 4545', 'LX 2156']","['Brussels Airlines', 'Swiss International Air Lines']",430,372.22
brussel,tenerife,04/04/2023,13:20,17:00,0,['SN 3781'],['Brussels Airlines'],280,418.14
brussel,tenerife,04/04/2023,06:55,16:00,2,"['LH 5629', 'LH 99', 'LH 4380']","['Brussels Airlines', 'Lufthansa', 'EW Discover']",605,795.11
brussel,tenerife,04/04/2023,06:55,16:00,2,"['LH 5629', 'LH 101', 'LH 4380']","['Brussels Airlines', 'Lufthansa', 'EW Discover']",605,795.11
brussel,tenerife,04/04/2023,15:00,09:55,2,"['LX 4557', 'LX 2819', 'LX 8214']","['Brussels Airlines', 'Swiss International Air Lines', 'Edelweiss Air']",1195,527.55
brussel,corfu,04/04/2023,None,None,None,None,None,None,None
brussel,heraklion,05/04/2023,05:55,10:20,0,['SN 3255'],['Brussels Airlines'],205,652.14
brussel,heraklion,05/04/2023,15:00,10:15,2,"['LX 4557', 'LX 2819', 'LX 8348']","['Brussels Airlines', 'Swiss International Air Lines', 'Edelweiss Air']",1095,437.55
brussel,rhodes,05/04/2023,None,None,None,None,None,None,None
brussel,brindisi,05/04/2023,06:55,13:55,1,"['LX 4545', 'LX 1722']","['Brussels Airlines', 'Air Baltic']",420,609.22
brussel,brindisi,05/04/2023,06:20,13:55,2,"['LX 4551', 'LX 2807', 'LX 1722']","['Brussels Airlines', 'Swiss International Air Lines', 'Air Baltic']",455,679.55
brussel,brindisi,05/04/2023,19:20,13:55,2,"['LX 4563', 'LX 1722']","['Brussels Airlines', 'SWISS RAILWAYS', 'Air Baltic']",1115,673.32
brussel,brindisi,05/04/2023,19:20,13:55,2,"['LX 4563', 'LX 2805', 'LX 1722']","['Brussels Airlines', 'Swiss International Air Lines', 'Air Baltic']",1115,685.58
brussel,napels,05/04/2023,09:35,11:55,0,['SN 3169'],['Brussels Airlines'],140,285.14
brussel,napels,05/04/2023,19:00,22:35,1,"['SN 2647', 'SN 7181']","['Brussels Airlines', 'Lufthansa']",215,184.58
brussel,napels,05/04/2023,19:00,22:35,1,"['LH 5631', 'LH 1880']","['Brussels Airlines', 'Lufthansa']",215,184.58
brussel,napels,05/04/2023,07:00,12:05,1,"['LH 5587', 'LH 334']","['Brussels Airlines', 'Lufthansa']",305,548.67
brussel,napels,05/04/2023,07:00,12:05,1,"['SN 2607', 'SN 7183']","['Brussels Airlines', 'Lufthansa']",305,548.67
brussel,napels,05/04/2023,06:55,12:25,1,"['LH 5629', 'LH 1876']","['Brussels Airlines', 'Lufthansa']",330,184.58
brussel,napels,05/04/2023,06:55,12:25,1,"['SN 2641', 'SN 7177']","['Brussels Airlines', 'Lufthansa']",330,275.58
brussel,palermo,05/04/2023,06:55,11:05,1,"['LH 5629', 'LH 1914']","['Brussels Airlines', 'EW Discover']",250,186.58
brussel,palermo,05/04/2023,06:55,13:55,1,"['LX 4545', 'LX 1742']","['Brussels Airlines', 'Swiss International Air Lines']",420,315.22
brussel,palermo,05/04/2023,19:15,08:55,1,"['OS 8176', 'OS 487']","['Brussels Airlines', 'Austrian Airlines']",820,191.38
brussel,palermo,05/04/2023,06:20,13:55,2,"['LX 4551', 'LX 2807', 'LX 1742']","['Brussels Airlines', 'Swiss International Air Lines']",455,433.55
brussel,palermo,05/04/2023,19:15,11:05,2,"['LH 5589', 'LH 94', 'LH 1914']","['Brussels Airlines', 'Lufthansa', 'EW Discover']",950,282.32
brussel,faro,05/04/2023,09:20,11:20,0,['SN 3801'],['Brussels Airlines'],180,476.14
brussel,faro,05/04/2023,17:05,23:50,1,"['SN 3819', 'TP 1909']","['Brussels Airlines', 'Tap Air Portugal']",465,541.25
brussel,faro,05/04/2023,09:15,17:20,1,"['SN 3815', 'TP 1903']","['Brussels Airlines', 'Portugï¿½lia']",545,541.25
brussel,alicante,05/04/2023,05:55,08:25,0,['SN 3771'],['Brussels Airlines'],150,282.14
brussel,alicante,05/04/2023,06:55,14:40,1,"['LX 4545', 'LX 2174']","['Brussels Airlines', 'Swiss International Air Lines']",465,766.22
brussel,alicante,05/04/2023,06:20,14:40,2,"['LX 4551', 'LX 2807', 'LX 2174']","['Brussels Airlines', 'Swiss International Air Lines']",500,1049.55
brussel,ibiza,05/04/2023,None,None,None,None,None,None,None
brussel,malaga,05/04/2023,11:55,14:45,0,['SN 3735'],['Brussels Airlines'],170,444.14
brussel,malaga,05/04/2023,16:25,19:20,0,['SN 3737'],['Brussels Airlines'],175,444.14
brussel,malaga,05/04/2023,07:00,12:10,1,"['LH 5587', 'LH 1148']","['Brussels Airlines', 'Lufthansa']",310,512.67
brussel,malaga,05/04/2023,06:55,12:50,1,"['LX 4545', 'LX 2110']","['Brussels Airlines', 'Swiss International Air Lines']",355,505.22
brussel,malaga,05/04/2023,06:50,12:55,1,"['OS 8172', 'OS 385']","['Brussels Airlines', 'Austrian Airlines']",365,510.38
brussel,malaga,05/04/2023,06:55,13:40,1,"['LH 5629', 'LH 1832']","['Brussels Airlines', 'Lufthansa']",405,635.58
brussel,malaga,05/04/2023,06:55,15:10,1,"['LX 4545', 'LX 2114']","['Brussels Airlines', 'Swiss International Air Lines']",495,635.22
brussel,palma-de-mallorca,05/04/2023,07:00,12:25,1,"['LH 5587', 'LH 4302']","['Brussels Airlines', 'EW Discover']",325,509.67
brussel,palma-de-mallorca,05/04/2023,06:50,13:05,1,"['OS 8172', 'OS 433']","['Brussels Airlines', 'Austrian Airlines']",375,189.38
brussel,palma-de-mallorca,05/04/2023,06:55,13:15,1,"['LH 5629', 'LH 1794']","['Brussels Airlines', 'Lufthansa']",380,502.58
brussel,palma-de-mallorca,05/04/2023,06:55,13:25,1,"['LX 4545', 'LX 8246']","['Brussels Airlines', 'Edelweiss Air']",390,402.22
brussel,palma-de-mallorca,05/04/2023,13:45,20:30,1,"['LH 5627', 'LH 5334']","['Brussels Airlines', 'Eurowings']",405,532.58
brussel,palma-de-mallorca,05/04/2023,06:55,14:05,1,"['LX 4545', 'LX 2156']","['Brussels Airlines', 'Swiss International Air Lines']",430,502.22
brussel,tenerife,05/04/2023,06:40,10:20,0,['SN 3781'],['Brussels Airlines'],280,366.14
brussel,tenerife,05/04/2023,19:15,12:55,1,"['OS 8176', 'OS 9505']","['Brussels Airlines', 'Austrian Airlines']",1120,432.38
brussel,corfu,05/04/2023,None,None,None,None,None,None,None
brussel,heraklion,06/04/2023,09:35,15:45,1,"['LH 5625', 'LH 5922']","['Brussels Airlines', 'Aegean Airlines']",310,743.58
brussel,heraklion,06/04/2023,09:35,17:55,1,"['LH 5625', 'LH 1758']","['Brussels Airlines', 'Lufthansa']",440,453.58
brussel,heraklion,06/04/2023,07:00,15:45,2,"['LH 5587', 'LH 100', 'LH 5922']","['Brussels Airlines', 'Lufthansa', 'Aegean Airlines']",465,812.11
brussel,rhodes,06/04/2023,19:15,09:05,1,"['LH 5589', 'LH 4416']","['Brussels Airlines', 'EW Discover']",770,437.88
brussel,rhodes,06/04/2023,19:15,09:05,1,"['LH 5589', '4Y 1200']","['Brussels Airlines', 'EW Discover']",770,437.88
brussel,rhodes,06/04/2023,19:00,09:05,2,"['LH 5631', 'LH 123', 'LH 4416']","['Brussels Airlines', 'Lufthansa', 'EW Discover']",785,499.32
brussel,brindisi,06/04/2023,06:55,13:55,1,"['LX 4545', 'LX 1722']","['Brussels Airlines', 'Air Baltic']",420,609.22
brussel,brindisi,06/04/2023,06:20,13:55,2,"['LX 4551', 'LX 2807', 'LX 1722']","['Brussels Airlines', 'Swiss International Air Lines', 'Air Baltic']",455,679.55
brussel,brindisi,06/04/2023,19:20,13:55,2,"['LX 4563', 'LX 1722']","['Brussels Airlines', 'SWISS RAILWAYS', 'Air Baltic']",1115,673.32
brussel,brindisi,06/04/2023,19:20,13:55,2,"['LX 4563', 'LX 1722']","['Brussels Airlines', 'SWISS RAILWAYS', 'Air Baltic']",1115,673.32
brussel,napels,06/04/2023,09:35,11:55,0,['SN 3169'],['Brussels Airlines'],140,285.14
brussel,napels,06/04/2023,19:00,22:35,1,"['SN 2647', 'SN 7181']","['Brussels Airlines', 'Lufthansa']",215,346.58
brussel,napels,06/04/2023,19:00,22:35,1,"['LH 5631', 'LH 1880']","['Brussels Airlines', 'Lufthansa']",215,346.58
brussel,napels,06/04/2023,07:00,12:05,1,"['LH 5587', 'LH 334']","['Brussels Airlines', 'Lufthansa']",305,548.67
brussel,napels,06/04/2023,07:00,12:05,1,"['SN 2607', 'SN 7183']","['Brussels Airlines', 'Lufthansa']",305,548.67
brussel,napels,06/04/2023,06:55,12:25,1,"['LH 5629', 'LH 1876']","['Brussels Airlines', 'Lufthansa']",330,346.58
brussel,napels,06/04/2023,06:55,12:25,1,"['SN 2641', 'SN 7177']","['Brussels Airlines', 'Lufthansa']",330,411.58
brussel,palermo,06/04/2023,06:55,11:05,1,"['LH 5629', 'LH 1914']","['Brussels Airlines', 'EW Discover']",250,186.58
brussel,palermo,06/04/2023,06:55,13:55,1,"['LX 4545', 'LX 1742']","['Brussels Airlines', 'Swiss International Air Lines']",420,417.22
brussel,palermo,06/04/2023,06:20,13:55,2,"['LX 4551', 'LX 2807', 'LX 1742']","['Brussels Airlines', 'Swiss International Air Lines']",455,547.55
brussel,palermo,06/04/2023,19:15,11:05,2,"['LH 5589', 'LH 122', 'LH 1914']","['Brussels Airlines', 'Lufthansa', 'EW Discover']",950,243.2
brussel,faro,06/04/2023,09:20,11:20,0,['SN 3801'],['Brussels Airlines'],180,262.14
brussel,faro,06/04/2023,09:35,15:00,1,"['LH 5625', 'LH 1786']","['Brussels Airlines', 'Lufthansa']",385,537.58
brussel,faro,06/04/2023,17:05,23:50,1,"['SN 3819', 'TP 1909']","['Brussels Airlines', 'Tap Air Portugal']",465,541.25
brussel,faro,06/04/2023,09:15,17:20,1,"['SN 3815', 'TP 1903']","['Brussels Airlines', 'Tap Air Portugal']",545,541.25
brussel,alicante,06/04/2023,05:55,08:25,0,['SN 3771'],['Brussels Airlines'],150,282.14
brussel,alicante,06/04/2023,09:35,16:45,2,"['LH 5625', 'LH 105', 'LH 1174']","['Brussels Airlines', 'Lufthansa']",430,698.11
brussel,ibiza,06/04/2023,07:00,11:55,1,"['LH 5587', 'LH 4308']","['Brussels Airlines', 'EW Discover']",295,688.67
brussel,ibiza,06/04/2023,07:00,11:55,1,"['LH 5587', '4Y 530']","['Brussels Airlines', 'EW Discover']",295,688.67
brussel,ibiza,06/04/2023,06:20,20:05,2,"['LX 4551', 'LX 8266']","['Brussels Airlines', 'SWISS RAILWAYS', 'Edelweiss Air']",825,975.32
brussel,ibiza,06/04/2023,06:20,20:05,2,"['LX 4551', 'LX 2807', 'LX 8266']","['Brussels Airlines', 'Swiss International Air Lines', 'Edelweiss Air']",825,981.55
brussel,malaga,06/04/2023,11:55,14:45,0,['SN 3735'],['Brussels Airlines'],170,444.14
brussel,malaga,06/04/2023,16:25,19:20,0,['SN 3737'],['Brussels Airlines'],175,314.14
brussel,malaga,06/04/2023,07:00,12:10,1,"['LH 5587', 'LH 1148']","['Brussels Airlines', 'Lufthansa']",310,512.67
brussel,malaga,06/04/2023,06:55,12:50,1,"['LX 4545', 'LX 2110']","['Brussels Airlines', 'Swiss International Air Lines']",355,635.22
brussel,malaga,06/04/2023,06:50,12:55,1,"['OS 8172', 'OS 385']","['Brussels Airlines', 'Austrian Airlines']",365,640.38
brussel,malaga,06/04/2023,06:55,15:10,1,"['LX 4545', 'LX 2114']","['Brussels Airlines', 'Swiss International Air Lines']",495,505.22
brussel,malaga,06/04/2023,09:35,17:50,1,"['LH 5625', 'LH 1834']","['Brussels Airlines', 'EW Discover']",495,635.58
brussel,palma-de-mallorca,06/04/2023,06:55,11:55,1,"['LX 4545', 'LX 2158']","['Brussels Airlines', 'Helvetic Airways']",300,762.22
brussel,palma-de-mallorca,06/04/2023,09:35,14:45,1,"['LH 5625', 'LH 5328']","['Brussels Airlines', 'Eurowings']",310,662.58
brussel,palma-de-mallorca,06/04/2023,06:50,13:25,1,"['OS 8172', 'OS 433']","['Brussels Airlines', 'Austrian Airlines']",395,377.38
brussel,palma-de-mallorca,06/04/2023,06:55,14:05,1,"['LX 4545', 'LX 2156']","['Brussels Airlines', 'Swiss International Air Lines']",430,502.22
brussel,palma-de-mallorca,06/04/2023,09:35,17:25,1,"['LH 5625', 'LH 1794']","['Brussels Airlines', 'EW Discover']",470,502.58
brussel,tenerife,06/04/2023,13:20,17:00,0,['SN 3781'],['Brussels Airlines'],280,470.14
brussel,tenerife,06/04/2023,06:55,17:00,1,"['LX 4545', 'LX 8214']","['Brussels Airlines', 'Edelweiss Air']",665,756.22
brussel,tenerife,06/04/2023,06:20,17:00,2,"['LX 4551', 'LX 2809', 'LX 8214']","['Brussels Airlines', 'Swiss International Air Lines', 'Edelweiss Air']",700,826.55
brussel,corfu,06/04/2023,None,None,None,None,None,None,None
brussel,heraklion,07/04/2023,09:35,17:55,1,"['LH 5625', 'LH 1758']","['Brussels Airlines', 'Lufthansa']",440,453.58
brussel,heraklion,07/04/2023,06:55,20:10,1,"['LX 4545', 'LX 8348']","['Brussels Airlines', 'Edelweiss Air']",735,483.22
brussel,heraklion,07/04/2023,19:15,08:50,1,"['LH 5589', 'LH 4420']","['Brussels Airlines', 'EW Discover']",755,414.88
brussel,heraklion,07/04/2023,19:15,08:50,1,"['LH 5589', '4Y 1204']","['Brussels Airlines', 'EW Discover']",755,414.88
brussel,rhodes,07/04/2023,None,None,None,None,None,None,None
brussel,brindisi,07/04/2023,06:55,13:55,1,"['LX 4545', 'LX 1722']","['Brussels Airlines', 'Air Baltic']",420,609.22
brussel,brindisi,07/04/2023,06:20,19:35,2,"['LX 4551', 'LX 1720']","['Brussels Airlines', 'SWISS RAILWAYS', 'Swiss International Air Lines']",795,413.32
brussel,napels,07/04/2023,09:35,11:55,0,['SN 3169'],['Brussels Airlines'],140,350.14
brussel,napels,07/04/2023,19:00,22:35,1,"['LH 5631', 'LH 1880']","['Brussels Airlines', 'Lufthansa']",215,184.58
brussel,napels,07/04/2023,19:00,22:35,1,"['SN 2647', 'SN 7181']","['Brussels Airlines', 'Lufthansa']",215,275.58
brussel,napels,07/04/2023,07:00,12:05,1,"['LH 5587', 'LH 334']","['Brussels Airlines', 'Lufthansa']",305,418.67
brussel,napels,07/04/2023,07:00,12:05,1,"['SN 2607', 'SN 7183']","['Brussels Airlines', 'Lufthansa']",305,548.67
brussel,napels,07/04/2023,06:55,12:25,1,"['LH 5629', 'LH 1876']","['Brussels Airlines', 'Lufthansa']",330,411.58
brussel,napels,07/04/2023,06:55,12:25,1,"['SN 2641', 'SN 7177']","['Brussels Airlines', 'Lufthansa']",330,411.58
brussel,palermo,07/04/2023,06:55,11:05,1,"['LH 5629', 'LH 1914']","['Brussels Airlines', 'EW Discover']",250,186.58
brussel,palermo,07/04/2023,06:55,13:55,1,"['LX 4545', 'LX 1742']","['Brussels Airlines', 'Edelweiss Air']",420,417.22
brussel,palermo,07/04/2023,19:15,08:55,1,"['OS 8176', 'OS 487']","['Brussels Airlines', 'Austrian Airlines']",820,127.38
brussel,palermo,07/04/2023,19:15,09:30,1,"['LH 5589', 'LH 338']","['Brussels Airlines', 'Lufthansa']",855,135.88
brussel,palermo,07/04/2023,19:15,11:05,2,"['LH 5589', 'LH 94', 'LH 1914']","['Brussels Airlines', 'Lufthansa', 'EW Discover']",950,165.32
brussel,faro,07/04/2023,09:20,11:20,0,['SN 3801'],['Brussels Airlines'],180,190.14
brussel,faro,07/04/2023,06:55,18:25,1,"['LX 4545', 'LX 8298']","['Brussels Airlines', 'Edelweiss Air']",750,697.22
brussel,faro,07/04/2023,17:05,23:50,1,"['SN 3819', 'TP 1909']","['Brussels Airlines', 'Tap Air Portugal']",465,541.25
brussel,alicante,07/04/2023,05:55,08:25,0,['SN 3771'],['Brussels Airlines'],150,282.14
brussel,alicante,07/04/2023,09:35,16:45,2,"['LH 5625', 'LH 105', 'LH 1174']","['Brussels Airlines', 'Lufthansa']",430,1048.11
brussel,ibiza,07/04/2023,06:55,11:20,1,"['LH 5629', 'LH 1846']","['Brussels Airlines', 'EW Discover']",265,681.58
brussel,ibiza,07/04/2023,06:20,20:05,2,"['LX 4551', 'LX 8266']","['Brussels Airlines', 'SWISS RAILWAYS', 'SWISS INTERNATIONAL AIR LINES FOR EDELWEISS AIR']",825,627.32
brussel,malaga,07/04/2023,06:00,08:50,0,['SN 3735'],['Brussels Airlines'],170,314.14
brussel,malaga,07/04/2023,16:25,19:20,0,['SN 3737'],['Brussels Airlines'],175,444.14
brussel,malaga,07/04/2023,07:00,12:10,1,"['LH 5587', 'LH 1148']","['Brussels Airlines', 'Lufthansa']",310,642.67
brussel,malaga,07/04/2023,06:20,11:55,1,"['LX 4551', 'LX 2104']","['Brussels Airlines', 'Swiss International Air Lines']",335,839.47
brussel,malaga,07/04/2023,06:55,12:50,1,"['LX 4545', 'LX 2110']","['Brussels Airlines', 'Swiss International Air Lines']",355,830.22
brussel,malaga,07/04/2023,06:50,12:55,1,"['OS 8172', 'OS 385']","['Brussels Airlines', 'Austrian Airlines']",365,640.38
brussel,malaga,07/04/2023,06:55,13:40,1,"['LH 5629', 'LH 1832']","['Brussels Airlines', 'Lufthansa']",405,635.58
brussel,malaga,07/04/2023,06:55,15:10,1,"['LX 4545', 'LX 2114']","['Brussels Airlines', 'Swiss International Air Lines']",495,830.22
brussel,palma-de-mallorca,07/04/2023,07:00,11:10,1,"['LH 5587', 'LH 1530']","['Brussels Airlines', 'Lufthansa']",250,509.67
brussel,palma-de-mallorca,07/04/2023,06:55,11:55,1,"['LX 4545', 'LX 2158']","['Brussels Airlines', 'Swiss International Air Lines']",300,502.22
brussel,palma-de-mallorca,07/04/2023,07:00,12:25,1,"['LH 5587', 'LH 4302']","['Brussels Airlines', 'EW Discover']",325,509.67
brussel,palma-de-mallorca,07/04/2023,06:55,12:25,1,"['LX 4545', 'LX 8246']","['Brussels Airlines', 'SWISS INTERNATIONAL AIR LINES FOR EDELWEISS AIR']",330,532.22
brussel,palma-de-mallorca,07/04/2023,13:45,19:30,1,"['LH 5627', 'LH 5328']","['Brussels Airlines', 'Eurowings']",345,292.58
brussel,palma-de-mallorca,07/04/2023,06:50,13:05,1,"['OS 8172', 'OS 433']","['Brussels Airlines', 'Austrian Airlines']",375,189.38
brussel,palma-de-mallorca,07/04/2023,13:45,20:35,1,"['LH 5627', 'LH 5334']","['Brussels Airlines', 'Eurowings']",410,292.58
brussel,tenerife,07/04/2023,13:20,17:00,0,['SN 3781'],['Brussels Airlines'],280,535.14
brussel,corfu,07/04/2023,None,None,None,None,None,None,None
brussel,heraklion,08/04/2023,05:55,10:20,0,['SN 3255'],['Brussels Airlines'],205,158.14
brussel,heraklion,08/04/2023,06:55,12:35,1,"['LH 5629', 'LH 1758']","['Brussels Airlines', 'Lufthansa']",280,401.58
brussel,heraklion,08/04/2023,07:00,16:05,1,"['LH 5587', 'LH 1296']","['Brussels Airlines', 'Lufthansa']",485,525.67
brussel,heraklion,08/04/2023,19:15,08:50,1,"['LH 5589', 'LH 4420']","['Brussels Airlines', 'EW Discover']",755,252.88
brussel,heraklion,08/04/2023,19:15,09:50,1,"['OS 8176', 'OS 9003']","['Brussels Airlines', 'Austrian Airlines']",815,348.38
brussel,heraklion,08/04/2023,19:15,08:50,1,"['LH 5589', '4Y 1204']","['Brussels Airlines', 'EW Discover']",755,252.88
brussel,rhodes,08/04/2023,06:55,16:30,1,"['LH 5629', 'LH 1748']","['Brussels Airlines', 'EW Discover']",515,372.58
brussel,rhodes,08/04/2023,19:15,08:05,1,"['OS 8176', 'OS 9173']","['Brussels Airlines', 'Austrian Airlines']",710,377.38
brussel,rhodes,08/04/2023,19:15,09:00,1,"['LH 5589', 'LH 4416']","['Brussels Airlines', 'EW Discover']",765,279.88
brussel,rhodes,08/04/2023,19:15,09:00,1,"['LH 5589', '4Y 1200']","['Brussels Airlines', 'EW Discover']",765,279.88
brussel,rhodes,08/04/2023,07:00,16:30,2,"['LH 5587', 'LH 100', 'LH 1748']","['Brussels Airlines', 'Lufthansa', 'EW Discover']",510,493.11
brussel,rhodes,08/04/2023,06:55,17:10,2,"['LH 5629', 'LH 99', 'LH 1258']","['Brussels Airlines', 'Lufthansa']",555,229.11
brussel,rhodes,08/04/2023,19:00,09:00,2,"['LH 5631', 'LH 123', 'LH 4416']","['Brussels Airlines', 'Lufthansa', 'EW Discover']",780,326.32
brussel,brindisi,08/04/2023,06:20,13:55,2,"['LX 4551', 'LX 2807', 'LX 1722']","['Brussels Airlines', 'Swiss International Air Lines', 'Helvetic Airways']",455,679.55
brussel,napels,08/04/2023,09:35,11:55,0,['SN 3169'],['Brussels Airlines'],140,220.14
brussel,napels,08/04/2023,19:00,22:35,1,"['LH 5631', 'LH 1880']","['Brussels Airlines', 'Lufthansa']",215,149.58
brussel,napels,08/04/2023,19:00,22:35,1,"['SN 2647', 'SN 7181']","['Brussels Airlines', 'Lufthansa']",215,149.58
brussel,napels,08/04/2023,07:00,12:05,1,"['LH 5587', 'LH 334']","['Brussels Airlines', 'Lufthansa']",305,353.67
brussel,napels,08/04/2023,07:00,12:05,1,"['SN 2607', 'SN 7183']","['Brussels Airlines', 'Lufthansa']",305,353.67
brussel,napels,08/04/2023,06:55,12:25,1,"['LH 5629', 'LH 1876']","['Brussels Airlines', 'Lufthansa']",330,149.58
brussel,napels,08/04/2023,06:55,12:25,1,"['SN 2641', 'SN 7177']","['Brussels Airlines', 'Lufthansa']",330,184.58
brussel,palermo,08/04/2023,06:55,11:05,1,"['LH 5629', 'LH 1914']","['Brussels Airlines', 'EW Discover']",250,122.58
brussel,palermo,08/04/2023,06:55,16:35,1,"['LH 5629', 'LH 1916']","['Brussels Airlines', 'Lufthansa']",580,122.58
brussel,palermo,08/04/2023,06:20,13:55,2,"['LX 4551', 'LX 2807', 'LX 1742']","['Brussels Airlines', 'Swiss International Air Lines', 'Air Baltic']",455,547.55
brussel,palermo,08/04/2023,07:00,16:35,2,"['LH 5587', 'LH 100', 'LH 1916']","['Brussels Airlines', 'Lufthansa']",575,236.11
brussel,faro,08/04/2023,09:20,11:20,0,['SN 3801'],['Brussels Airlines'],180,151.14
brussel,faro,08/04/2023,06:55,13:00,1,"['LH 5629', 'LH 1786']","['Brussels Airlines', 'Lufthansa']",425,472.58
brussel,faro,08/04/2023,17:05,23:50,1,"['SN 3819', 'TP 1909']","['Brussels Airlines', 'Tap Air Portugal']",465,460.25
brussel,faro,08/04/2023,09:15,17:20,1,"['SN 3815', 'TP 1903']","['Brussels Airlines', 'Tap Air Portugal']",545,525.25
brussel,alicante,08/04/2023,05:55,08:25,0,['SN 3771'],['Brussels Airlines'],150,285.14
brussel,alicante,08/04/2023,17:20,19:50,0,['SN 3773'],['Brussels Airlines'],150,233.14
brussel,alicante,08/04/2023,06:55,17:20,1,"['LH 5629', 'LH 1848']","['Brussels Airlines', 'EW Discover']",625,190.58
brussel,alicante,08/04/2023,06:20,14:40,2,"['LX 4551', 'LX 2807', 'LX 2174']","['Brussels Airlines', 'Swiss International Air Lines', 'Air Baltic']",500,663.55
brussel,ibiza,08/04/2023,07:00,11:55,1,"['LH 5587', 'LH 4308']","['Brussels Airlines', 'EW Discover']",295,157.67
brussel,ibiza,08/04/2023,06:55,15:15,1,"['LH 5629', 'LH 1846']","['Brussels Airlines', 'Lufthansa']",500,189.58
brussel,ibiza,08/04/2023,07:00,11:55,1,"['LH 5587', '4Y 530']","['Brussels Airlines', 'EW Discover']",295,157.67
brussel,ibiza,08/04/2023,07:00,15:15,2,"['LH 5587', 'LH 100', 'LH 1846']","['Brussels Airlines', 'Lufthansa']",495,417.11
brussel,ibiza,08/04/2023,06:20,18:45,2,"['LX 4551', 'LX 2809', 'LX 8266']","['Brussels Airlines', 'Swiss International Air Lines', 'SWISS INTERNATIONAL AIR LINES FOR EDELWEISS AIR']",745,781.55
brussel,malaga,08/04/2023,06:00,08:50,0,['SN 3733'],['Brussels Airlines'],170,210.14
brussel,malaga,08/04/2023,11:55,14:45,0,['SN 3735'],['Brussels Airlines'],170,444.14
brussel,malaga,08/04/2023,16:25,19:20,0,['SN 3737'],['Brussels Airlines'],175,249.14
brussel,malaga,08/04/2023,07:00,12:10,1,"['LH 5587', 'LH 1148']","['Brussels Airlines', 'Lufthansa']",310,382.67
brussel,malaga,08/04/2023,06:55,13:40,1,"['LH 5629', 'LH 1832']","['Brussels Airlines', 'Lufthansa']",405,310.58
brussel,palma-de-mallorca,08/04/2023,14:15,16:30,0,['SN 3765'],['Brussels Airlines'],135,246.14
brussel,palma-de-mallorca,08/04/2023,15:00,17:10,0,['SN 3767'],['Brussels Airlines'],130,116.14
brussel,palma-de-mallorca,08/04/2023,07:00,11:10,1,"['LH 5587', 'LH 1530']","['Brussels Airlines', 'Lufthansa']",250,379.67
brussel,palma-de-mallorca,08/04/2023,07:00,12:25,1,"['LH 5587', 'LH 4302']","['Brussels Airlines', 'EW Discover']",325,314.67
brussel,palma-de-mallorca,08/04/2023,06:55,13:00,1,"['LH 5629', 'LH 1796']","['Brussels Airlines', 'Lufthansa']",365,372.58
brussel,tenerife,08/04/2023,13:20,17:00,0,['SN 3781'],['Brussels Airlines'],280,418.14
brussel,tenerife,08/04/2023,06:55,15:45,1,"['LH 5629', 'LH 1838']","['Brussels Airlines', 'Lufthansa']",590,308.58
brussel,tenerife,08/04/2023,07:00,15:55,1,"['LH 5587', 'LH 4380']","['Brussels Airlines', 'EW Discover']",595,315.67
brussel,tenerife,08/04/2023,07:00,15:55,1,"['LH 5587', '4Y 306']","['Brussels Airlines', 'EW Discover']",595,315.67
brussel,tenerife,08/04/2023,07:00,15:45,2,"['LH 5587', 'LH 100', 'LH 1838']","['Brussels Airlines', 'Lufthansa']",585,496.11
brussel,tenerife,08/04/2023,06:55,15:55,2,"['LH 5629', 'LH 99', 'LH 4380']","['Brussels Airlines', 'Lufthansa', 'EW Discover']",600,315.11
brussel,corfu,08/04/2023,None,None,None,None,None,None,None
brussel,heraklion,09/04/2023,07:55,12:20,0,['SN 3255'],['Brussels Airlines'],205,457.14
brussel,heraklion,09/04/2023,19:00,01:00,1,"['LH 5631', 'LH 5922']","['Brussels Airlines', 'Aegean Airlines']",300,269.58
brussel,heraklion,09/04/2023,07:00,16:05,1,"['LH 5587', 'LH 1296']","['Brussels Airlines', 'Lufthansa']",485,350.67
brussel,heraklion,09/04/2023,06:55,18:20,1,"['LH 5629', 'LH 1758']","['Brussels Airlines', 'EW Discover']",625,161.58
brussel,heraklion,09/04/2023,06:55,16:05,2,"['LH 5629', 'LH 99', 'LH 1296']","['Brussels Airlines', 'Lufthansa']",490,587.11
brussel,rhodes,09/04/2023,19:20,19:55,3,"['LX 4563', 'LX 8358', 'LX 8358']","['Brussels Airlines', 'SWISS RAILWAYS', 'Edelweiss Air']",1415,298.32
brussel,rhodes,09/04/2023,19:20,19:55,3,"['LX 4563', 'LX 2805', 'LX 8358', 'LX 8358']","['Brussels Airlines', 'Swiss International Air Lines', 'Edelweiss Air']",1415,478.58
brussel,rhodes,09/04/2023,19:20,19:55,3,"['LX 4563', 'LX 2801', 'LX 8358', 'LX 8358']","['Brussels Airlines', 'Swiss International Air Lines', 'Edelweiss Air']",1415,478.58
brussel,brindisi,09/04/2023,06:20,13:55,2,"['LX 4551', 'LX 2807', 'LX 1722']","['Brussels Airlines', 'Swiss International Air Lines', 'Helvetic Airways']",455,419.55
brussel,brindisi,09/04/2023,06:20,19:35,2,"['LX 4551', 'LX 2809', 'LX 1720']","['Brussels Airlines', 'Swiss International Air Lines']",795,355.55
brussel,napels,09/04/2023,09:35,11:55,0,['SN 3169'],['Brussels Airlines'],140,350.14
brussel,napels,09/04/2023,19:00,22:35,1,"['SN 2647', 'SN 7181']","['Brussels Airlines', 'Lufthansa']",215,149.58
brussel,napels,09/04/2023,19:00,22:35,1,"['LH 5631', 'LH 1880']","['Brussels Airlines', 'Lufthansa']",215,149.58
brussel,napels,09/04/2023,07:00,12:05,1,"['SN 2607', 'SN 7183']","['Brussels Airlines', 'Lufthansa']",305,156.67
brussel,napels,09/04/2023,07:00,12:05,1,"['LH 5587', 'LH 334']","['Brussels Airlines', 'Lufthansa']",305,156.67
brussel,napels,09/04/2023,06:55,12:25,1,"['LH 5629', 'LH 1876']","['Brussels Airlines', 'Lufthansa']",330,149.58
brussel,napels,09/04/2023,06:55,12:25,1,"['SN 2641', 'SN 7177']","['Brussels Airlines', 'Lufthansa']",330,149.58
brussel,palermo,09/04/2023,06:55,11:05,1,"['LH 5629', 'LH 1914']","['Brussels Airlines', 'EW Discover']",250,122.58
brussel,palermo,09/04/2023,19:15,08:50,1,"['OS 8176', 'OS 487']","['Brussels Airlines', 'Austrian Airlines']",815,127.38
brussel,palermo,09/04/2023,06:20,13:55,2,"['LX 4551', 'LX 2807', 'LX 1742']","['Brussels Airlines', 'Swiss International Air Lines', 'Air Baltic']",455,385.55
brussel,palermo,09/04/2023,06:55,16:55,2,"['LH 5629', 'LH 105', 'LH 338']","['Brussels Airlines', 'Lufthansa']",600,159.11
brussel,faro,09/04/2023,08:40,10:40,0,['SN 3801'],['Brussels Airlines'],180,346.14
brussel,faro,09/04/2023,09:15,13:05,1,"['SN 3815', 'TP 1905']","['Brussels Airlines', 'Tap Air Portugal']",290,525.25
brussel,faro,09/04/2023,17:05,23:50,1,"['SN 3819', 'TP 1909']","['Brussels Airlines', 'Tap Air Portugal']",465,671.25
brussel,faro,09/04/2023,09:15,17:20,1,"['SN 3815', 'TP 1903']","['Brussels Airlines', 'Tap Air Portugal']",545,525.25
brussel,alicante,09/04/2023,05:55,08:25,0,['SN 3771'],['Brussels Airlines'],150,233.14
brussel,ibiza,09/04/2023,07:00,12:05,1,"['LH 5587', 'LH 4308']","['Brussels Airlines', 'EW Discover']",305,131.67
brussel,ibiza,09/04/2023,06:55,16:25,1,"['LH 5629', 'LH 1846']","['Brussels Airlines', 'Lufthansa']",570,124.58
brussel,ibiza,09/04/2023,07:00,12:05,1,"['LH 5587', '4Y 530']","['Brussels Airlines', 'EW Discover']",305,131.67
brussel,ibiza,09/04/2023,07:00,16:25,2,"['LH 5587', 'LH 98', 'LH 1846']","['Brussels Airlines', 'Lufthansa']",565,161.11
brussel,ibiza,09/04/2023,07:00,16:25,2,"['LH 5587', 'LH 100', 'LH 1846']","['Brussels Airlines', 'Lufthansa']",565,161.11
brussel,malaga,09/04/2023,06:00,08:50,0,['SN 3733'],['Brussels Airlines'],170,249.14
brussel,malaga,09/04/2023,09:35,12:25,0,['SN 3735'],['Brussels Airlines'],170,249.14
brussel,malaga,09/04/2023,16:25,19:20,0,['SN 3737'],['Brussels Airlines'],175,314.14
brussel,malaga,09/04/2023,07:00,12:10,1,"['LH 5587', 'LH 1148']","['Brussels Airlines', 'Lufthansa']",310,272.67
brussel,malaga,09/04/2023,06:55,13:40,1,"['LH 5629', 'LH 1832']","['Brussels Airlines', 'Lufthansa']",405,265.58
brussel,malaga,09/04/2023,06:55,17:50,1,"['LH 5629', 'LH 1834']","['Brussels Airlines', 'Lufthansa']",655,310.58
brussel,palma-de-mallorca,09/04/2023,06:55,12:00,1,"['LH 5629', 'LH 5330']","['Brussels Airlines', 'EUROWINGS EUROPE LTD FOR EUROWINGS']",305,214.58
brussel,palma-de-mallorca,09/04/2023,07:00,12:25,1,"['LH 5587', 'LH 4302']","['Brussels Airlines', 'EW Discover']",325,314.67
brussel,palma-de-mallorca,09/04/2023,06:55,13:25,1,"['LH 5629', 'LH 5338']","['Brussels Airlines', 'Eurowings']",390,214.58
brussel,palma-de-mallorca,09/04/2023,13:45,20:15,1,"['LH 5627', 'LH 5334']","['Brussels Airlines', 'Eurowings']",390,214.58
brussel,palma-de-mallorca,09/04/2023,07:00,14:35,1,"['LH 5587', 'LH 1158']","['Brussels Airlines', 'Lufthansa']",455,156.67
brussel,tenerife,09/04/2023,13:20,17:00,0,['SN 3781'],['Brussels Airlines'],280,418.14
brussel,tenerife,09/04/2023,15:00,09:55,2,"['LX 4557', 'LX 2819', 'LX 8214']","['Brussels Airlines', 'Swiss International Air Lines', 'Edelweiss Air']",1195,463.55
brussel,corfu,09/04/2023,None,None,None,None,None,None,None
brussel,heraklion,10/04/2023,None,None,None,None,None,None,None
brussel,rhodes,10/04/2023,06:55,19:55,2,"['LX 4545', 'LX 8358', 'LX 8358']","['Brussels Airlines', 'Edelweiss Air']",720,296.22
brussel,rhodes,10/04/2023,06:20,19:55,3,"['LX 4551', 'LX 2807', 'LX 8358', 'LX 8358']","['Brussels Airlines', 'Swiss International Air Lines', 'Edelweiss Air']",755,472.55
brussel,rhodes,10/04/2023,06:20,19:55,3,"['LX 4551', 'LX 2809', 'LX 8358', 'LX 8358']","['Brussels Airlines', 'Swiss International Air Lines', 'Edelweiss Air']",755,351.55
brussel,brindisi,10/04/2023,06:55,13:55,1,"['LX 4545', 'LX 1722']","['Brussels Airlines', 'Air Baltic']",420,291.22
brussel,brindisi,10/04/2023,06:20,13:55,2,"['LX 4551', 'LX 2807', 'LX 1722']","['Brussels Airlines', 'Swiss International Air Lines', 'Air Baltic']",455,419.55
brussel,brindisi,10/04/2023,19:20,13:55,2,"['LX 4563', 'LX 2805', 'LX 1722']","['Brussels Airlines', 'Swiss International Air Lines']",1115,425.58
brussel,brindisi,10/04/2023,19:20,13:55,2,"['LX 4563', 'LX 1722']","['Brussels Airlines', 'SWISS RAILWAYS', 'Swiss International Air Lines']",1115,413.32
brussel,napels,10/04/2023,09:35,11:55,0,['SN 3169'],['Brussels Airlines'],140,350.14
brussel,napels,10/04/2023,19:00,22:35,1,"['LH 5631', 'LH 1880']","['Brussels Airlines', 'Lufthansa']",215,346.58
brussel,napels,10/04/2023,19:00,22:35,1,"['SN 2647', 'SN 7181']","['Brussels Airlines', 'Lufthansa']",215,346.58
brussel,napels,10/04/2023,07:00,12:00,1,"['LH 5587', 'LH 334']","['Brussels Airlines', 'Lufthansa']",300,191.67
brussel,napels,10/04/2023,07:00,12:00,1,"['SN 2607', 'SN 7183']","['Brussels Airlines', 'Lufthansa']",300,191.67
brussel,napels,10/04/2023,06:55,12:25,1,"['SN 2641', 'SN 7177']","['Brussels Airlines', 'Lufthansa']",330,149.58
brussel,napels,10/04/2023,06:55,12:25,1,"['LH 5629', 'LH 1876']","['Brussels Airlines', 'Lufthansa']",330,149.58
brussel,palermo,10/04/2023,06:55,11:05,1,"['LH 5629', 'LH 1914']","['Brussels Airlines', 'EW Discover']",250,186.58
brussel,palermo,10/04/2023,06:55,13:55,1,"['LX 4545', 'LX 1742']","['Brussels Airlines', 'Swiss International Air Lines']",420,315.22
brussel,palermo,10/04/2023,06:20,13:55,2,"['LX 4551', 'LX 2807', 'LX 1742']","['Brussels Airlines', 'Swiss International Air Lines']",455,487.55
brussel,palermo,10/04/2023,19:15,11:05,2,"['LH 5589', 'LH 122', 'LH 1914']","['Brussels Airlines', 'Lufthansa', 'EW Discover']",950,283.2
brussel,faro,10/04/2023,09:20,11:20,0,['SN 3801'],['Brussels Airlines'],180,190.14
brussel,faro,10/04/2023,09:35,15:00,1,"['LH 5625', 'LH 1786']","['Brussels Airlines', 'Lufthansa']",385,349.58
brussel,faro,10/04/2023,17:05,23:50,1,"['SN 3819', 'TP 1909']","['Brussels Airlines', 'Tap Air Portugal']",465,655.25
brussel,faro,10/04/2023,09:15,17:20,1,"['SN 3815', 'TP 1903']","['Brussels Airlines', 'Tap Air Portugal']",545,460.25
brussel,alicante,10/04/2023,05:55,08:25,0,['SN 3771'],['Brussels Airlines'],150,282.14
brussel,alicante,10/04/2023,06:55,19:00,1,"['LX 4545', 'LX 2174']","['Brussels Airlines', 'Helvetic Airways']",725,626.22
brussel,alicante,10/04/2023,06:20,19:00,2,"['LX 4551', 'LX 2811', 'LX 2174']","['Brussels Airlines', 'Swiss International Air Lines', 'Helvetic Airways']",760,839.55
brussel,alicante,10/04/2023,06:20,19:00,2,"['LX 4551', 'LX 2174']","['Brussels Airlines', 'SWISS RAILWAYS', 'Helvetic Airways']",760,693.32
brussel,ibiza,10/04/2023,06:55,11:20,1,"['LH 5629', 'LH 1846']","['Brussels Airlines', 'EW Discover']",265,124.58
brussel,ibiza,10/04/2023,07:00,11:55,1,"['LH 5587', 'LH 4308']","['Brussels Airlines', 'EW Discover']",295,131.67
brussel,ibiza,10/04/2023,07:00,11:55,1,"['LH 5587', '4Y 530']","['Brussels Airlines', 'EW Discover']",295,131.67
brussel,malaga,10/04/2023,11:55,14:45,0,['SN 3735'],['Brussels Airlines'],170,314.14
brussel,malaga,10/04/2023,16:25,19:20,0,['SN 3737'],['Brussels Airlines'],175,249.14
brussel,malaga,10/04/2023,07:00,12:10,1,"['LH 5587', 'LH 1148']","['Brussels Airlines', 'Lufthansa']",310,512.67
brussel,malaga,10/04/2023,06:55,12:50,1,"['LX 4545', 'LX 2110']","['Brussels Airlines', 'Swiss International Air Lines']",355,505.22
brussel,malaga,10/04/2023,06:50,12:55,1,"['OS 8172', 'OS 385']","['Brussels Airlines', 'Austrian Airlines']",365,315.38
brussel,malaga,10/04/2023,06:55,15:10,1,"['LX 4545', 'LX 2114']","['Brussels Airlines', 'Swiss International Air Lines']",495,505.22
brussel,malaga,10/04/2023,09:35,17:50,1,"['LH 5625', 'LH 1834']","['Brussels Airlines', 'EW Discover']",495,635.58
brussel,palma-de-mallorca,10/04/2023,09:35,14:10,1,"['LH 5625', 'LH 1794']","['Brussels Airlines', 'Lufthansa']",275,372.58
brussel,palma-de-mallorca,10/04/2023,07:00,12:25,1,"['LH 5587', 'LH 4302']","['Brussels Airlines', 'EW Discover']",325,269.67
brussel,palma-de-mallorca,10/04/2023,13:45,19:55,1,"['LH 5627', 'LH 5328']","['Brussels Airlines', 'Eurowings']",370,337.58
brussel,palma-de-mallorca,10/04/2023,06:50,13:05,1,"['OS 8172', 'OS 433']","['Brussels Airlines', 'Austrian Airlines']",375,219.38
brussel,palma-de-mallorca,10/04/2023,13:45,20:10,1,"['LH 5627', 'LH 5330']","['Brussels Airlines', 'Eurowings']",385,337.58
brussel,tenerife,10/04/2023,15:00,09:50,2,"['LX 4557', 'LX 2819', 'LX 8214']","['Brussels Airlines', 'Swiss International Air Lines', 'Edelweiss Air']",1190,579.55
brussel,corfu,10/04/2023,None,None,None,None,None,None,None
brussel,heraklion,11/04/2023,09:35,17:45,1,"['LH 5625', 'LH 1758']","['Brussels Airlines', 'Lufthansa']",430,191.58
brussel,heraklion,11/04/2023,06:55,19:55,1,"['LX 4545', 'LX 8348']","['Brussels Airlines', 'Edelweiss Air']",720,312.22
brussel,rhodes,11/04/2023,None,None,None,None,None,None,None
brussel,brindisi,11/04/2023,06:55,13:55,1,"['LX 4545', 'LX 1722']","['Brussels Airlines', 'Swiss International Air Lines']",420,158.22
brussel,brindisi,11/04/2023,06:20,13:55,2,"['LX 4551', 'LX 2807', 'LX 1722']","['Brussels Airlines', 'Swiss International Air Lines']",455,419.55
brussel,brindisi,11/04/2023,19:20,13:55,2,"['LX 4563', 'LX 1722']","['Brussels Airlines', 'SWISS RAILWAYS', 'Air Baltic']",1115,194.32
brussel,brindisi,11/04/2023,19:20,13:55,2,"['LX 4563', 'LX 1722']","['Brussels Airlines', 'SWISS RAILWAYS', 'Air Baltic']",1115,194.32
brussel,napels,11/04/2023,07:35,09:55,0,['SN 3169'],['Brussels Airlines'],140,285.14
brussel,napels,11/04/2023,19:00,22:35,1,"['SN 2647', 'SN 7181']","['Brussels Airlines', 'Lufthansa']",215,184.58
brussel,napels,11/04/2023,19:00,22:35,1,"['LH 5631', 'LH 1880']","['Brussels Airlines', 'Lufthansa']",215,184.58
brussel,napels,11/04/2023,07:00,12:00,1,"['LH 5587', 'LH 334']","['Brussels Airlines', 'Lufthansa']",300,282.67
brussel,napels,11/04/2023,07:00,12:00,1,"['SN 2607', 'SN 7183']","['Brussels Airlines', 'Lufthansa']",300,282.67
brussel,napels,11/04/2023,06:55,12:25,1,"['LH 5629', 'LH 1876']","['Brussels Airlines', 'Lufthansa']",330,346.58
brussel,napels,11/04/2023,06:55,12:25,1,"['SN 2641', 'SN 7177']","['Brussels Airlines', 'Lufthansa']",330,346.58
brussel,palermo,11/04/2023,06:55,11:05,1,"['LH 5629', 'LH 1914']","['Brussels Airlines', 'EW Discover']",250,122.58
brussel,palermo,11/04/2023,06:55,13:55,1,"['LX 4545', 'LX 1742']","['Brussels Airlines', 'Swiss International Air Lines']",420,222.22
brussel,palermo,11/04/2023,06:50,19:00,1,"['OS 8172', 'OS 487']","['Brussels Airlines', 'Austrian Airlines']",730,191.38
brussel,palermo,11/04/2023,06:20,13:55,2,"['LX 4551', 'LX 2807', 'LX 1742']","['Brussels Airlines', 'Swiss International Air Lines']",455,433.55
brussel,palermo,11/04/2023,19:15,11:05,2,"['LH 5589', 'LH 94', 'LH 1914']","['Brussels Airlines', 'Lufthansa', 'EW Discover']",950,336.32
brussel,faro,11/04/2023,09:20,11:20,0,['SN 3801'],['Brussels Airlines'],180,112.14
brussel,faro,11/04/2023,09:35,15:00,1,"['LH 5625', 'LH 1786']","['Brussels Airlines', 'Lufthansa']",385,232.58
brussel,faro,11/04/2023,06:55,18:25,1,"['LX 4545', 'LX 8298']","['Brussels Airlines', 'Edelweiss Air']",750,214.22
brussel,faro,11/04/2023,17:05,23:50,1,"['SN 3819', 'TP 1909']","['Brussels Airlines', 'Tap Air Portugal']",465,460.25
brussel,faro,11/04/2023,09:15,17:20,1,"['SN 3815', 'TP 1903']","['Brussels Airlines', 'Tap Air Portugal']",545,541.25
brussel,alicante,11/04/2023,05:55,08:25,0,['SN 3771'],['Brussels Airlines'],150,233.14
brussel,ibiza,11/04/2023,06:20,19:55,2,"['LX 4551', 'LX 8266']","['Brussels Airlines', 'SWISS RAILWAYS', 'Edelweiss Air']",815,216.32
brussel,ibiza,11/04/2023,06:20,19:55,2,"['LX 4551', 'LX 8266']","['Brussels Airlines', 'SWISS RAILWAYS', 'Edelweiss Air']",815,216.32
brussel,malaga,11/04/2023,11:55,14:45,0,['SN 3735'],['Brussels Airlines'],170,314.14
brussel,malaga,11/04/2023,16:25,19:20,0,['SN 3737'],['Brussels Airlines'],175,314.14
brussel,malaga,11/04/2023,07:00,12:10,1,"['LH 5587', 'LH 1148']","['Brussels Airlines', 'Lufthansa']",310,512.67
brussel,malaga,11/04/2023,06:55,12:50,1,"['LX 4545', 'LX 2110']","['Brussels Airlines', 'Swiss International Air Lines']",355,310.22
brussel,malaga,11/04/2023,06:50,12:55,1,"['OS 8172', 'OS 385']","['Brussels Airlines', 'Austrian Airlines']",365,192.38
brussel,malaga,11/04/2023,06:55,13:35,1,"['LH 5629', 'LH 1832']","['Brussels Airlines', 'Lufthansa']",400,375.58
brussel,malaga,11/04/2023,06:55,15:10,1,"['LX 4545', 'LX 2114']","['Brussels Airlines', 'Swiss International Air Lines']",495,375.22
brussel,palma-de-mallorca,11/04/2023,07:00,12:25,1,"['LH 5587', 'LH 4302']","['Brussels Airlines', 'EW Discover']",325,314.67
brussel,palma-de-mallorca,11/04/2023,06:50,13:20,1,"['OS 8172', 'OS 433']","['Brussels Airlines', 'Austrian Airlines']",390,154.38
brussel,palma-de-mallorca,11/04/2023,13:45,20:15,1,"['LH 5627', 'LH 5334']","['Brussels Airlines', 'EUROWINGS EUROPE LTD FOR EUROWINGS']",390,179.58
brussel,palma-de-mallorca,11/04/2023,06:55,13:35,1,"['LH 5629', 'LH 5328']","['Brussels Airlines', 'AVION EXPRESS MALTA FOR EUROWINGS']",400,214.58
brussel,palma-de-mallorca,11/04/2023,06:55,14:05,1,"['LX 4545', 'LX 2156']","['Brussels Airlines', 'Swiss International Air Lines']",430,262.22
brussel,palma-de-mallorca,11/04/2023,06:55,14:05,1,"['LH 5629', 'LH 5332']","['Brussels Airlines', 'EUROWINGS EUROPE LTD FOR EUROWINGS']",430,179.58
brussel,tenerife,11/04/2023,13:20,17:00,0,['SN 3781'],['Brussels Airlines'],280,262.14
brussel,tenerife,11/04/2023,06:55,16:00,2,"['LH 5629', 'LH 101', 'LH 4380']","['Brussels Airlines', 'Lufthansa', 'EW Discover']",605,548.11
brussel,tenerife,11/04/2023,06:55,16:00,2,"['LH 5629', 'LH 99', 'LH 4380']","['Brussels Airlines', 'Lufthansa', 'EW Discover']",605,548.11
brussel,tenerife,11/04/2023,15:00,09:55,2,"['LX 4557', 'LX 2819', 'LX 8214']","['Brussels Airlines', 'Swiss International Air Lines', 'Edelweiss Air']",1195,289.55
brussel,corfu,11/04/2023,None,None,None,None,None,None,None
brussel,heraklion,12/04/2023,05:55,10:20,0,['SN 3255'],['Brussels Airlines'],205,106.14
brussel,heraklion,12/04/2023,15:00,10:15,2,"['LX 4557', 'LX 2819', 'LX 8348']","['Brussels Airlines', 'Swiss International Air Lines', 'Edelweiss Air']",1095,195.55
brussel,rhodes,12/04/2023,15:00,11:35,3,"['LX 4557', 'LX 2819', 'LX 8358', 'LX 8358']","['Brussels Airlines', 'Swiss International Air Lines', 'Edelweiss Air']",1175,226.55
brussel,brindisi,12/04/2023,06:55,13:55,1,"['LX 4545', 'LX 1722']","['Brussels Airlines', 'Air Baltic']",420,158.22
brussel,brindisi,12/04/2023,06:20,13:55,2,"['LX 4551', 'LX 2807', 'LX 1722']","['Brussels Airlines', 'Swiss International Air Lines', 'Air Baltic']",455,355.55
brussel,brindisi,12/04/2023,19:20,13:55,2,"['LX 4563', 'LX 1722']","['Brussels Airlines', 'SWISS RAILWAYS', 'Air Baltic']",1115,194.32
brussel,brindisi,12/04/2023,19:20,13:55,2,"['LX 4563', 'LX 1722']","['Brussels Airlines', 'SWISS RAILWAYS', 'Air Baltic']",1115,194.32
brussel,napels,12/04/2023,09:35,11:55,0,['SN 3169'],['Brussels Airlines'],140,285.14
brussel,napels,12/04/2023,19:00,22:35,1,"['LH 5631', 'LH 1880']","['Brussels Airlines', 'Lufthansa']",215,149.58
brussel,napels,12/04/2023,19:00,22:35,1,"['SN 2647', 'SN 7181']","['Brussels Airlines', 'Lufthansa']",215,149.58
brussel,napels,12/04/2023,07:00,12:05,1,"['SN 2607', 'SN 7183']","['Brussels Airlines', 'Lufthansa']",305,191.67
brussel,napels,12/04/2023,07:00,12:05,1,"['LH 5587', 'LH 334']","['Brussels Airlines', 'Lufthansa']",305,191.67
brussel,napels,12/04/2023,06:55,12:25,1,"['LH 5629', 'LH 1876']","['Brussels Airlines', 'Lufthansa']",330,149.58
brussel,napels,12/04/2023,06:55,12:25,1,"['SN 2641', 'SN 7177']","['Brussels Airlines', 'Lufthansa']",330,149.58
brussel,palermo,12/04/2023,06:55,11:05,1,"['LH 5629', 'LH 1914']","['Brussels Airlines', 'EW Discover']",250,222.58
brussel,palermo,12/04/2023,06:55,13:55,1,"['LX 4545', 'LX 1742']","['Brussels Airlines', 'Swiss International Air Lines']",420,222.22
brussel,palermo,12/04/2023,19:15,08:55,1,"['OS 8176', 'OS 487']","['Brussels Airlines', 'Austrian Airlines']",820,127.38
brussel,palermo,12/04/2023,06:20,13:55,2,"['LX 4551', 'LX 2807', 'LX 1742']","['Brussels Airlines', 'Swiss International Air Lines']",455,385.55
brussel,palermo,12/04/2023,19:15,11:05,2,"['LH 5589', 'LH 94', 'LH 1914']","['Brussels Airlines', 'Lufthansa', 'EW Discover']",950,165.32
brussel,faro,12/04/2023,09:20,11:20,0,['SN 3801'],['Brussels Airlines'],180,190.14
brussel,faro,12/04/2023,17:05,23:50,1,"['SN 3819', 'TP 1909']","['Brussels Airlines', 'Tap Air Portugal']",465,460.25
brussel,faro,12/04/2023,09:15,17:20,1,"['SN 3815', 'TP 1903']","['Brussels Airlines', 'Portugï¿½lia']",545,281.25
brussel,alicante,12/04/2023,05:55,08:25,0,['SN 3771'],['Brussels Airlines'],150,148.14
brussel,alicante,12/04/2023,06:55,14:40,1,"['LX 4545', 'LX 2174']","['Brussels Airlines', 'Swiss International Air Lines']",465,190.22
brussel,alicante,12/04/2023,06:20,14:40,2,"['LX 4551', 'LX 2807', 'LX 2174']","['Brussels Airlines', 'Swiss International Air Lines']",500,416.55
brussel,ibiza,12/04/2023,06:55,18:45,1,"['LX 4545', 'LX 8266']","['Brussels Airlines', 'SWISS INTERNATIONAL AIR LINES FOR EDELWEISS AIR']",710,154.22
brussel,ibiza,12/04/2023,06:20,18:45,2,"['LX 4551', 'LX 2809', 'LX 8266']","['Brussels Airlines', 'Swiss International Air Lines', 'SWISS INTERNATIONAL AIR LINES FOR EDELWEISS AIR']",745,192.55
brussel,ibiza,12/04/2023,06:20,18:45,2,"['LX 4551', 'LX 8266']","['Brussels Airlines', 'SWISS RAILWAYS', 'SWISS INTERNATIONAL AIR LINES FOR EDELWEISS AIR']",745,216.32
brussel,malaga,12/04/2023,11:55,14:45,0,['SN 3735'],['Brussels Airlines'],170,210.14
brussel,malaga,12/04/2023,16:25,19:20,0,['SN 3737'],['Brussels Airlines'],175,210.14
brussel,malaga,12/04/2023,07:00,12:10,1,"['LH 5587', 'LH 1148']","['Brussels Airlines', 'Lufthansa']",310,382.67
brussel,malaga,12/04/2023,06:55,12:50,1,"['LX 4545', 'LX 2110']","['Brussels Airlines', 'Swiss International Air Lines']",355,310.22
brussel,malaga,12/04/2023,06:50,12:55,1,"['OS 8172', 'OS 385']","['Brussels Airlines', 'Austrian Airlines']",365,315.38
brussel,malaga,12/04/2023,06:55,13:40,1,"['LH 5629', 'LH 1832']","['Brussels Airlines', 'Lufthansa']",405,265.58
brussel,malaga,12/04/2023,06:55,15:10,1,"['LX 4545', 'LX 2114']","['Brussels Airlines', 'Swiss International Air Lines']",495,310.22
brussel,palma-de-mallorca,12/04/2023,06:55,11:55,1,"['LX 4545', 'LX 2158']","['Brussels Airlines', 'Helvetic Airways']",300,214.22
brussel,palma-de-mallorca,12/04/2023,07:00,12:25,1,"['LH 5587', 'LH 4302']","['Brussels Airlines', 'EW Discover']",325,314.67
brussel,palma-de-mallorca,12/04/2023,06:50,13:05,1,"['OS 8172', 'OS 433']","['Brussels Airlines', 'Austrian Airlines']",375,154.38
brussel,palma-de-mallorca,12/04/2023,06:55,13:15,1,"['LH 5629', 'LH 1794']","['Brussels Airlines', 'Lufthansa']",380,149.58
brussel,palma-de-mallorca,12/04/2023,06:55,13:25,1,"['LX 4545', 'LX 8246']","['Brussels Airlines', 'SWISS INTERNATIONAL AIR LINES FOR EDELWEISS AIR']",390,179.22
brussel,palma-de-mallorca,12/04/2023,13:45,20:30,1,"['LH 5627', 'LH 5334']","['Brussels Airlines', 'Eurowings']",405,179.58
brussel,tenerife,12/04/2023,06:40,10:20,0,['SN 3781'],['Brussels Airlines'],280,184.14
brussel,tenerife,12/04/2023,19:15,12:55,1,"['OS 8176', 'OS 9505']","['Brussels Airlines', 'Austrian Airlines']",1120,484.38
brussel,corfu,12/04/2023,None,None,None,None,None,None,None
brussel,heraklion,13/04/2023,09:35,15:45,1,"['LH 5625', 'LH 5922']","['Brussels Airlines', 'Aegean Airlines']",310,373.58
brussel,heraklion,13/04/2023,09:35,17:55,1,"['LH 5625', 'LH 1758']","['Brussels Airlines', 'Lufthansa']",440,191.58
brussel,heraklion,13/04/2023,07:00,15:45,2,"['LH 5587', 'LH 98', 'LH 5922']","['Brussels Airlines', 'Lufthansa', 'Aegean Airlines']",465,552.11
brussel,rhodes,13/04/2023,19:15,09:05,1,"['LH 5589', 'LH 4416']","['Brussels Airlines', 'EW Discover']",770,141.88
brussel,rhodes,13/04/2023,19:15,09:05,1,"['LH 5589', '4Y 1200']","['Brussels Airlines', 'EW Discover']",770,141.88
brussel,rhodes,13/04/2023,19:00,09:05,2,"['LH 5631', 'LH 123', 'LH 4416']","['Brussels Airlines', 'Lufthansa', 'EW Discover']",785,167.32
brussel,brindisi,13/04/2023,06:55,13:55,1,"['LX 4545', 'LX 1722']","['Brussels Airlines', 'Air Baltic']",420,158.22
brussel,brindisi,13/04/2023,06:20,13:55,2,"['LX 4551', 'LX 2807', 'LX 1722']","['Brussels Airlines', 'Swiss International Air Lines', 'Air Baltic']",455,200.55
brussel,brindisi,13/04/2023,19:20,13:55,2,"['LX 4563', 'LX 1722']","['Brussels Airlines', 'SWISS RAILWAYS', 'Air Baltic']",1115,194.32
brussel,brindisi,13/04/2023,19:20,13:55,2,"['LX 4563', 'LX 1722']","['Brussels Airlines', 'SWISS RAILWAYS', 'Air Baltic']",1115,194.32
brussel,napels,13/04/2023,09:35,11:55,0,['SN 3169'],['Brussels Airlines'],140,220.14
brussel,napels,13/04/2023,19:00,22:35,1,"['LH 5631', 'LH 1880']","['Brussels Airlines', 'Lufthansa']",215,149.58
brussel,napels,13/04/2023,19:00,22:35,1,"['SN 2647', 'SN 7181']","['Brussels Airlines', 'Lufthansa']",215,149.58
brussel,napels,13/04/2023,07:00,12:05,1,"['LH 5587', 'LH 334']","['Brussels Airlines', 'Lufthansa']",305,353.67
brussel,napels,13/04/2023,07:00,12:05,1,"['SN 2607', 'SN 7183']","['Brussels Airlines', 'Lufthansa']",305,353.67
brussel,napels,13/04/2023,06:55,12:25,1,"['LH 5629', 'LH 1876']","['Brussels Airlines', 'Lufthansa']",330,149.58
brussel,napels,13/04/2023,06:55,12:25,1,"['SN 2641', 'SN 7177']","['Brussels Airlines', 'Lufthansa']",330,184.58
brussel,palermo,13/04/2023,06:55,11:05,1,"['LH 5629', 'LH 1914']","['Brussels Airlines', 'EW Discover']",250,122.58
brussel,palermo,13/04/2023,06:55,13:55,1,"['LX 4545', 'LX 1742']","['Brussels Airlines', 'Swiss International Air Lines']",420,222.22
brussel,palermo,13/04/2023,06:20,13:55,2,"['LX 4551', 'LX 2807', 'LX 1742']","['Brussels Airlines', 'Swiss International Air Lines']",455,277.55
brussel,palermo,13/04/2023,19:15,11:05,2,"['LH 5589', 'LH 122', 'LH 1914']","['Brussels Airlines', 'Lufthansa', 'EW Discover']",950,139.2
brussel,faro,13/04/2023,09:20,11:20,0,['SN 3801'],['Brussels Airlines'],180,151.14
brussel,faro,13/04/2023,09:35,15:00,1,"['LH 5625', 'LH 1786']","['Brussels Airlines', 'Lufthansa']",385,349.58
brussel,faro,13/04/2023,17:05,23:50,1,"['SN 3819', 'TP 1909']","['Brussels Airlines', 'Tap Air Portugal']",465,343.25
brussel,faro,13/04/2023,09:15,17:20,1,"['SN 3815', 'TP 1903']","['Brussels Airlines', 'Tap Air Portugal']",545,395.25
brussel,alicante,13/04/2023,05:55,08:25,0,['SN 3771'],['Brussels Airlines'],150,148.14
brussel,alicante,13/04/2023,09:35,16:45,2,"['LH 5625', 'LH 105', 'LH 1174']","['Brussels Airlines', 'Lufthansa']",430,240.11
brussel,ibiza,13/04/2023,07:00,11:55,1,"['LH 5587', 'LH 4308']","['Brussels Airlines', 'EW Discover']",295,105.67
brussel,ibiza,13/04/2023,07:00,11:55,1,"['LH 5587', '4Y 530']","['Brussels Airlines', 'EW Discover']",295,105.67
brussel,ibiza,13/04/2023,06:20,20:05,2,"['LX 4551', 'LX 2807', 'LX 8266']","['Brussels Airlines', 'Swiss International Air Lines', 'Edelweiss Air']",825,162.55
brussel,ibiza,13/04/2023,06:20,20:05,2,"['LX 4551', 'LX 8266']","['Brussels Airlines', 'SWISS RAILWAYS', 'Edelweiss Air']",825,216.32
brussel,malaga,13/04/2023,11:55,14:45,0,['SN 3735'],['Brussels Airlines'],170,210.14
brussel,malaga,13/04/2023,16:25,19:20,0,['SN 3737'],['Brussels Airlines'],175,145.14
brussel,malaga,13/04/2023,07:00,12:10,1,"['LH 5587', 'LH 1148']","['Brussels Airlines', 'Lufthansa']",310,272.67
brussel,malaga,13/04/2023,06:55,12:50,1,"['LX 4545', 'LX 2110']","['Brussels Airlines', 'Swiss International Air Lines']",355,310.22
brussel,malaga,13/04/2023,06:50,12:55,1,"['OS 8172', 'OS 385']","['Brussels Airlines', 'Austrian Airlines']",365,510.38
brussel,malaga,13/04/2023,06:55,15:10,1,"['LX 4545', 'LX 2114']","['Brussels Airlines', 'Swiss International Air Lines']",495,265.22
brussel,malaga,13/04/2023,09:35,17:50,1,"['LH 5625', 'LH 1834']","['Brussels Airlines', 'EW Discover']",495,375.58
brussel,palma-de-mallorca,13/04/2023,06:55,11:55,1,"['LX 4545', 'LX 2158']","['Brussels Airlines', 'Helvetic Airways']",300,307.22
brussel,palma-de-mallorca,13/04/2023,09:35,14:45,1,"['LH 5625', 'LH 5328']","['Brussels Airlines', 'Eurowings']",310,244.58
brussel,palma-de-mallorca,13/04/2023,07:00,12:25,1,"['LH 5587', 'LH 4302']","['Brussels Airlines', 'EW Discover']",325,269.67
brussel,palma-de-mallorca,13/04/2023,06:50,13:05,1,"['OS 8172', 'OS 433']","['Brussels Airlines', 'Austrian Airlines']",375,154.38
brussel,palma-de-mallorca,13/04/2023,13:45,20:25,1,"['LH 5627', 'LH 5334']","['Brussels Airlines', 'Eurowings']",400,179.58
brussel,tenerife,13/04/2023,13:20,17:00,0,['SN 3781'],['Brussels Airlines'],280,262.14
brussel,tenerife,13/04/2023,06:55,17:00,1,"['LX 4545', 'LX 8214']","['Brussels Airlines', 'Edelweiss Air']",665,457.22
brussel,tenerife,13/04/2023,06:55,16:00,2,"['LH 5629', 'LH 101', 'LH 4380']","['Brussels Airlines', 'Lufthansa', 'EW Discover']",605,315.11
brussel,tenerife,13/04/2023,06:55,16:00,2,"['LH 5629', 'LH 99', 'LH 4380']","['Brussels Airlines', 'Lufthansa', 'EW Discover']",605,315.11
brussel,tenerife,13/04/2023,06:20,17:00,2,"['LX 4551', 'LX 2807', 'LX 8214']","['Brussels Airlines', 'Swiss International Air Lines', 'Edelweiss Air']",700,579.55
